[
  {
    "id": "E12000006",
    "areaCode": "E12",
    "name": "East of England",
    "slug": "east-of-england",
    "permalink": "/prototypes/geography/england/east-of-england/",
    "parent": {
      "id": "E92000001",
      "areaCode": "E92",
      "name": "England",
      "slug": "england",
      "permalink": "/prototypes/geography/england/",
      "breadcrumbs": [
        { "href": "/prototypes/geography/", "title": "Home" },
        { "title": "England", "href": "/prototypes/geography/england/" }
      ],
      "type": "Country"
    },
    "breadcrumbs": [
      { "href": "/prototypes/geography/", "title": "Home" },
      { "title": "England", "href": "/prototypes/geography/england/" },
      {
        "title": "East of England",
        "href": "/prototypes/geography/england/east-of-england/"
      }
    ],
    "type": "Region",
    "children": [
      {
        "id": "E06000055",
        "name": "Bedford",
        "permalink": "/prototypes/geography/england/east-of-england/bedford/",
        "type": "Unitary Authority",
        "areaCode": "E06"
      },
      {
        "id": "E10000003",
        "name": "Cambridgeshire",
        "permalink": "/prototypes/geography/england/east-of-england/cambridgeshire/",
        "type": "County",
        "areaCode": "E10"
      },
      {
        "id": "E06000056",
        "name": "Central Bedfordshire",
        "permalink": "/prototypes/geography/england/east-of-england/central-bedfordshire/",
        "type": "Unitary Authority",
        "areaCode": "E06"
      },
      {
        "id": "E10000012",
        "name": "Essex",
        "permalink": "/prototypes/geography/england/east-of-england/essex/",
        "type": "County",
        "areaCode": "E10"
      },
      {
        "id": "E10000015",
        "name": "Hertfordshire",
        "permalink": "/prototypes/geography/england/east-of-england/hertfordshire/",
        "type": "County",
        "areaCode": "E10"
      },
      {
        "id": "E06000032",
        "name": "Luton",
        "permalink": "/prototypes/geography/england/east-of-england/luton/",
        "type": "Unitary Authority",
        "areaCode": "E06"
      },
      {
        "id": "E10000020",
        "name": "Norfolk",
        "permalink": "/prototypes/geography/england/east-of-england/norfolk/",
        "type": "County",
        "areaCode": "E10"
      },
      {
        "id": "E06000031",
        "name": "Peterborough",
        "permalink": "/prototypes/geography/england/east-of-england/peterborough/",
        "type": "Unitary Authority",
        "areaCode": "E06"
      },
      {
        "id": "E06000033",
        "name": "Southend-on-Sea",
        "permalink": "/prototypes/geography/england/east-of-england/southend-on-sea/",
        "type": "Unitary Authority",
        "areaCode": "E06"
      },
      {
        "id": "E10000029",
        "name": "Suffolk",
        "permalink": "/prototypes/geography/england/east-of-england/suffolk/",
        "type": "County",
        "areaCode": "E10"
      },
      {
        "id": "E06000034",
        "name": "Thurrock",
        "permalink": "/prototypes/geography/england/east-of-england/thurrock/",
        "type": "Unitary Authority",
        "areaCode": "E06"
      }
    ]
  },
  {
    "id": "E12000009",
    "areaCode": "E12",
    "name": "South West",
    "slug": "south-west",
    "permalink": "/prototypes/geography/england/south-west/",
    "parent": {
      "id": "E92000001",
      "areaCode": "E92",
      "name": "England",
      "slug": "england",
      "permalink": "/prototypes/geography/england/",
      "breadcrumbs": [
        { "href": "/prototypes/geography/", "title": "Home" },
        { "title": "England", "href": "/prototypes/geography/england/" }
      ],
      "type": "Country"
    },
    "breadcrumbs": [
      { "href": "/prototypes/geography/", "title": "Home" },
      { "title": "England", "href": "/prototypes/geography/england/" },
      {
        "title": "South West",
        "href": "/prototypes/geography/england/south-west/"
      }
    ],
    "type": "Region",
    "children": [
      {
        "id": "E06000022",
        "name": "Bath and North East Somerset",
        "permalink": "/prototypes/geography/england/south-west/bath-and-north-east-somerset/",
        "type": "Unitary Authority",
        "areaCode": "E06"
      },
      {
        "id": "E06000058",
        "name": "Bournemouth, Christchurch and Poole",
        "permalink": "/prototypes/geography/england/south-west/bournemouth-christchurch-and-poole/",
        "type": "Unitary Authority",
        "areaCode": "E06"
      },
      {
        "id": "E06000023",
        "name": "Bristol, City of",
        "permalink": "/prototypes/geography/england/south-west/bristol-city-of/",
        "type": "Unitary Authority",
        "areaCode": "E06"
      },
      {
        "id": "E06000052",
        "name": "Cornwall",
        "permalink": "/prototypes/geography/england/south-west/cornwall/",
        "type": "Unitary Authority",
        "areaCode": "E06"
      },
      {
        "id": "E10000008",
        "name": "Devon",
        "permalink": "/prototypes/geography/england/south-west/devon/",
        "type": "County",
        "areaCode": "E10"
      },
      {
        "id": "E06000059",
        "name": "Dorset",
        "permalink": "/prototypes/geography/england/south-west/dorset/",
        "type": "Unitary Authority",
        "areaCode": "E06"
      },
      {
        "id": "E10000013",
        "name": "Gloucestershire",
        "permalink": "/prototypes/geography/england/south-west/gloucestershire/",
        "type": "County",
        "areaCode": "E10"
      },
      {
        "id": "E06000053",
        "name": "Isles of Scilly",
        "permalink": "/prototypes/geography/england/south-west/isles-of-scilly/",
        "type": "Unitary Authority",
        "areaCode": "E06"
      },
      {
        "id": "E06000024",
        "name": "North Somerset",
        "permalink": "/prototypes/geography/england/south-west/north-somerset/",
        "type": "Unitary Authority",
        "areaCode": "E06"
      },
      {
        "id": "E06000026",
        "name": "Plymouth",
        "permalink": "/prototypes/geography/england/south-west/plymouth/",
        "type": "Unitary Authority",
        "areaCode": "E06"
      },
      {
        "id": "E10000027",
        "name": "Somerset",
        "permalink": "/prototypes/geography/england/south-west/somerset/",
        "type": "County",
        "areaCode": "E10"
      },
      {
        "id": "E06000025",
        "name": "South Gloucestershire",
        "permalink": "/prototypes/geography/england/south-west/south-gloucestershire/",
        "type": "Unitary Authority",
        "areaCode": "E06"
      },
      {
        "id": "E06000030",
        "name": "Swindon",
        "permalink": "/prototypes/geography/england/south-west/swindon/",
        "type": "Unitary Authority",
        "areaCode": "E06"
      },
      {
        "id": "E06000027",
        "name": "Torbay",
        "permalink": "/prototypes/geography/england/south-west/torbay/",
        "type": "Unitary Authority",
        "areaCode": "E06"
      },
      {
        "id": "E06000054",
        "name": "Wiltshire",
        "permalink": "/prototypes/geography/england/south-west/wiltshire/",
        "type": "Unitary Authority",
        "areaCode": "E06"
      }
    ]
  },
  {
    "id": "E12000005",
    "areaCode": "E12",
    "name": "West Midlands",
    "slug": "west-midlands",
    "permalink": "/prototypes/geography/england/west-midlands/",
    "parent": {
      "id": "E92000001",
      "areaCode": "E92",
      "name": "England",
      "slug": "england",
      "permalink": "/prototypes/geography/england/",
      "breadcrumbs": [
        { "href": "/prototypes/geography/", "title": "Home" },
        { "title": "England", "href": "/prototypes/geography/england/" }
      ],
      "type": "Country"
    },
    "breadcrumbs": [
      { "href": "/prototypes/geography/", "title": "Home" },
      { "title": "England", "href": "/prototypes/geography/england/" },
      {
        "title": "West Midlands",
        "href": "/prototypes/geography/england/west-midlands/"
      }
    ],
    "type": "Region",
    "children": [
      {
        "id": "E08000025",
        "name": "Birmingham",
        "permalink": "/prototypes/geography/england/west-midlands/birmingham/",
        "type": "Metropolitan District",
        "areaCode": "E08"
      },
      {
        "id": "E08000026",
        "name": "Coventry",
        "permalink": "/prototypes/geography/england/west-midlands/coventry/",
        "type": "Metropolitan District",
        "areaCode": "E08"
      },
      {
        "id": "E08000027",
        "name": "Dudley",
        "permalink": "/prototypes/geography/england/west-midlands/dudley/",
        "type": "Metropolitan District",
        "areaCode": "E08"
      },
      {
        "id": "E06000019",
        "name": "Herefordshire, County of",
        "permalink": "/prototypes/geography/england/west-midlands/herefordshire-county-of/",
        "type": "Unitary Authority",
        "areaCode": "E06"
      },
      {
        "id": "E08000028",
        "name": "Sandwell",
        "permalink": "/prototypes/geography/england/west-midlands/sandwell/",
        "type": "Metropolitan District",
        "areaCode": "E08"
      },
      {
        "id": "E06000051",
        "name": "Shropshire",
        "permalink": "/prototypes/geography/england/west-midlands/shropshire/",
        "type": "Unitary Authority",
        "areaCode": "E06"
      },
      {
        "id": "E08000029",
        "name": "Solihull",
        "permalink": "/prototypes/geography/england/west-midlands/solihull/",
        "type": "Metropolitan District",
        "areaCode": "E08"
      },
      {
        "id": "E10000028",
        "name": "Staffordshire",
        "permalink": "/prototypes/geography/england/west-midlands/staffordshire/",
        "type": "County",
        "areaCode": "E10"
      },
      {
        "id": "E06000021",
        "name": "Stoke-on-Trent",
        "permalink": "/prototypes/geography/england/west-midlands/stoke-on-trent/",
        "type": "Unitary Authority",
        "areaCode": "E06"
      },
      {
        "id": "E06000020",
        "name": "Telford and Wrekin",
        "permalink": "/prototypes/geography/england/west-midlands/telford-and-wrekin/",
        "type": "Unitary Authority",
        "areaCode": "E06"
      },
      {
        "id": "E08000030",
        "name": "Walsall",
        "permalink": "/prototypes/geography/england/west-midlands/walsall/",
        "type": "Metropolitan District",
        "areaCode": "E08"
      },
      {
        "id": "E10000031",
        "name": "Warwickshire",
        "permalink": "/prototypes/geography/england/west-midlands/warwickshire/",
        "type": "County",
        "areaCode": "E10"
      },
      {
        "id": "E08000031",
        "name": "Wolverhampton",
        "permalink": "/prototypes/geography/england/west-midlands/wolverhampton/",
        "type": "Metropolitan District",
        "areaCode": "E08"
      },
      {
        "id": "E10000034",
        "name": "Worcestershire",
        "permalink": "/prototypes/geography/england/west-midlands/worcestershire/",
        "type": "County",
        "areaCode": "E10"
      }
    ]
  },
  {
    "id": "E12000007",
    "areaCode": "E12",
    "name": "London",
    "slug": "london",
    "permalink": "/prototypes/geography/england/london/",
    "parent": {
      "id": "E92000001",
      "areaCode": "E92",
      "name": "England",
      "slug": "england",
      "permalink": "/prototypes/geography/england/",
      "breadcrumbs": [
        { "href": "/prototypes/geography/", "title": "Home" },
        { "title": "England", "href": "/prototypes/geography/england/" }
      ],
      "type": "Country"
    },
    "breadcrumbs": [
      { "href": "/prototypes/geography/", "title": "Home" },
      { "title": "England", "href": "/prototypes/geography/england/" },
      { "title": "London", "href": "/prototypes/geography/england/london/" }
    ],
    "type": "Region",
    "children": [
      {
        "id": "E09000002",
        "name": "Barking and Dagenham",
        "permalink": "/prototypes/geography/england/london/barking-and-dagenham/",
        "type": "London Borough",
        "areaCode": "E09"
      },
      {
        "id": "E09000003",
        "name": "Barnet",
        "permalink": "/prototypes/geography/england/london/barnet/",
        "type": "London Borough",
        "areaCode": "E09"
      },
      {
        "id": "E09000004",
        "name": "Bexley",
        "permalink": "/prototypes/geography/england/london/bexley/",
        "type": "London Borough",
        "areaCode": "E09"
      },
      {
        "id": "E09000005",
        "name": "Brent",
        "permalink": "/prototypes/geography/england/london/brent/",
        "type": "London Borough",
        "areaCode": "E09"
      },
      {
        "id": "E09000006",
        "name": "Bromley",
        "permalink": "/prototypes/geography/england/london/bromley/",
        "type": "London Borough",
        "areaCode": "E09"
      },
      {
        "id": "E09000007",
        "name": "Camden",
        "permalink": "/prototypes/geography/england/london/camden/",
        "type": "London Borough",
        "areaCode": "E09"
      },
      {
        "id": "E09000001",
        "name": "City of London",
        "permalink": "/prototypes/geography/england/london/city-of-london/",
        "type": "London Borough",
        "areaCode": "E09"
      },
      {
        "id": "E09000008",
        "name": "Croydon",
        "permalink": "/prototypes/geography/england/london/croydon/",
        "type": "London Borough",
        "areaCode": "E09"
      },
      {
        "id": "E09000009",
        "name": "Ealing",
        "permalink": "/prototypes/geography/england/london/ealing/",
        "type": "London Borough",
        "areaCode": "E09"
      },
      {
        "id": "E09000010",
        "name": "Enfield",
        "permalink": "/prototypes/geography/england/london/enfield/",
        "type": "London Borough",
        "areaCode": "E09"
      },
      {
        "id": "E09000011",
        "name": "Greenwich",
        "permalink": "/prototypes/geography/england/london/greenwich/",
        "type": "London Borough",
        "areaCode": "E09"
      },
      {
        "id": "E09000012",
        "name": "Hackney",
        "permalink": "/prototypes/geography/england/london/hackney/",
        "type": "London Borough",
        "areaCode": "E09"
      },
      {
        "id": "E09000013",
        "name": "Hammersmith and Fulham",
        "permalink": "/prototypes/geography/england/london/hammersmith-and-fulham/",
        "type": "London Borough",
        "areaCode": "E09"
      },
      {
        "id": "E09000014",
        "name": "Haringey",
        "permalink": "/prototypes/geography/england/london/haringey/",
        "type": "London Borough",
        "areaCode": "E09"
      },
      {
        "id": "E09000015",
        "name": "Harrow",
        "permalink": "/prototypes/geography/england/london/harrow/",
        "type": "London Borough",
        "areaCode": "E09"
      },
      {
        "id": "E09000016",
        "name": "Havering",
        "permalink": "/prototypes/geography/england/london/havering/",
        "type": "London Borough",
        "areaCode": "E09"
      },
      {
        "id": "E09000017",
        "name": "Hillingdon",
        "permalink": "/prototypes/geography/england/london/hillingdon/",
        "type": "London Borough",
        "areaCode": "E09"
      },
      {
        "id": "E09000018",
        "name": "Hounslow",
        "permalink": "/prototypes/geography/england/london/hounslow/",
        "type": "London Borough",
        "areaCode": "E09"
      },
      {
        "id": "E09000019",
        "name": "Islington",
        "permalink": "/prototypes/geography/england/london/islington/",
        "type": "London Borough",
        "areaCode": "E09"
      },
      {
        "id": "E09000020",
        "name": "Kensington and Chelsea",
        "permalink": "/prototypes/geography/england/london/kensington-and-chelsea/",
        "type": "London Borough",
        "areaCode": "E09"
      },
      {
        "id": "E09000021",
        "name": "Kingston upon Thames",
        "permalink": "/prototypes/geography/england/london/kingston-upon-thames/",
        "type": "London Borough",
        "areaCode": "E09"
      },
      {
        "id": "E09000022",
        "name": "Lambeth",
        "permalink": "/prototypes/geography/england/london/lambeth/",
        "type": "London Borough",
        "areaCode": "E09"
      },
      {
        "id": "E09000023",
        "name": "Lewisham",
        "permalink": "/prototypes/geography/england/london/lewisham/",
        "type": "London Borough",
        "areaCode": "E09"
      },
      {
        "id": "E09000024",
        "name": "Merton",
        "permalink": "/prototypes/geography/england/london/merton/",
        "type": "London Borough",
        "areaCode": "E09"
      },
      {
        "id": "E09000025",
        "name": "Newham",
        "permalink": "/prototypes/geography/england/london/newham/",
        "type": "London Borough",
        "areaCode": "E09"
      },
      {
        "id": "E09000026",
        "name": "Redbridge",
        "permalink": "/prototypes/geography/england/london/redbridge/",
        "type": "London Borough",
        "areaCode": "E09"
      },
      {
        "id": "E09000027",
        "name": "Richmond upon Thames",
        "permalink": "/prototypes/geography/england/london/richmond-upon-thames/",
        "type": "London Borough",
        "areaCode": "E09"
      },
      {
        "id": "E09000028",
        "name": "Southwark",
        "permalink": "/prototypes/geography/england/london/southwark/",
        "type": "London Borough",
        "areaCode": "E09"
      },
      {
        "id": "E09000029",
        "name": "Sutton",
        "permalink": "/prototypes/geography/england/london/sutton/",
        "type": "London Borough",
        "areaCode": "E09"
      },
      {
        "id": "E09000030",
        "name": "Tower Hamlets",
        "permalink": "/prototypes/geography/england/london/tower-hamlets/",
        "type": "London Borough",
        "areaCode": "E09"
      },
      {
        "id": "E09000031",
        "name": "Waltham Forest",
        "permalink": "/prototypes/geography/england/london/waltham-forest/",
        "type": "London Borough",
        "areaCode": "E09"
      },
      {
        "id": "E09000032",
        "name": "Wandsworth",
        "permalink": "/prototypes/geography/england/london/wandsworth/",
        "type": "London Borough",
        "areaCode": "E09"
      },
      {
        "id": "E09000033",
        "name": "Westminster",
        "permalink": "/prototypes/geography/england/london/westminster/",
        "type": "London Borough",
        "areaCode": "E09"
      }
    ]
  },
  {
    "id": "E12000008",
    "areaCode": "E12",
    "name": "South East",
    "slug": "south-east",
    "permalink": "/prototypes/geography/england/south-east/",
    "parent": {
      "id": "E92000001",
      "areaCode": "E92",
      "name": "England",
      "slug": "england",
      "permalink": "/prototypes/geography/england/",
      "breadcrumbs": [
        { "href": "/prototypes/geography/", "title": "Home" },
        { "title": "England", "href": "/prototypes/geography/england/" }
      ],
      "type": "Country"
    },
    "breadcrumbs": [
      { "href": "/prototypes/geography/", "title": "Home" },
      { "title": "England", "href": "/prototypes/geography/england/" },
      {
        "title": "South East",
        "href": "/prototypes/geography/england/south-east/"
      }
    ],
    "type": "Region",
    "children": [
      {
        "id": "E06000036",
        "name": "Bracknell Forest",
        "permalink": "/prototypes/geography/england/south-east/bracknell-forest/",
        "type": "Unitary Authority",
        "areaCode": "E06"
      },
      {
        "id": "E06000043",
        "name": "Brighton and Hove",
        "permalink": "/prototypes/geography/england/south-east/brighton-and-hove/",
        "type": "Unitary Authority",
        "areaCode": "E06"
      },
      {
        "id": "E06000060",
        "name": "Buckinghamshire",
        "permalink": "/prototypes/geography/england/south-east/buckinghamshire/",
        "type": "Unitary Authority",
        "areaCode": "E06"
      },
      {
        "id": "E10000011",
        "name": "East Sussex",
        "permalink": "/prototypes/geography/england/south-east/east-sussex/",
        "type": "County",
        "areaCode": "E10"
      },
      {
        "id": "E10000014",
        "name": "Hampshire",
        "permalink": "/prototypes/geography/england/south-east/hampshire/",
        "type": "County",
        "areaCode": "E10"
      },
      {
        "id": "E06000046",
        "name": "Isle of Wight",
        "permalink": "/prototypes/geography/england/south-east/isle-of-wight/",
        "type": "Unitary Authority",
        "areaCode": "E06"
      },
      {
        "id": "E10000016",
        "name": "Kent",
        "permalink": "/prototypes/geography/england/south-east/kent/",
        "type": "County",
        "areaCode": "E10"
      },
      {
        "id": "E06000035",
        "name": "Medway",
        "permalink": "/prototypes/geography/england/south-east/medway/",
        "type": "Unitary Authority",
        "areaCode": "E06"
      },
      {
        "id": "E06000042",
        "name": "Milton Keynes",
        "permalink": "/prototypes/geography/england/south-east/milton-keynes/",
        "type": "Unitary Authority",
        "areaCode": "E06"
      },
      {
        "id": "E10000025",
        "name": "Oxfordshire",
        "permalink": "/prototypes/geography/england/south-east/oxfordshire/",
        "type": "County",
        "areaCode": "E10"
      },
      {
        "id": "E06000044",
        "name": "Portsmouth",
        "permalink": "/prototypes/geography/england/south-east/portsmouth/",
        "type": "Unitary Authority",
        "areaCode": "E06"
      },
      {
        "id": "E06000038",
        "name": "Reading",
        "permalink": "/prototypes/geography/england/south-east/reading/",
        "type": "Unitary Authority",
        "areaCode": "E06"
      },
      {
        "id": "E06000039",
        "name": "Slough",
        "permalink": "/prototypes/geography/england/south-east/slough/",
        "type": "Unitary Authority",
        "areaCode": "E06"
      },
      {
        "id": "E06000045",
        "name": "Southampton",
        "permalink": "/prototypes/geography/england/south-east/southampton/",
        "type": "Unitary Authority",
        "areaCode": "E06"
      },
      {
        "id": "E10000030",
        "name": "Surrey",
        "permalink": "/prototypes/geography/england/south-east/surrey/",
        "type": "County",
        "areaCode": "E10"
      },
      {
        "id": "E06000037",
        "name": "West Berkshire",
        "permalink": "/prototypes/geography/england/south-east/west-berkshire/",
        "type": "Unitary Authority",
        "areaCode": "E06"
      },
      {
        "id": "E10000032",
        "name": "West Sussex",
        "permalink": "/prototypes/geography/england/south-east/west-sussex/",
        "type": "County",
        "areaCode": "E10"
      },
      {
        "id": "E06000040",
        "name": "Windsor and Maidenhead",
        "permalink": "/prototypes/geography/england/south-east/windsor-and-maidenhead/",
        "type": "Unitary Authority",
        "areaCode": "E06"
      },
      {
        "id": "E06000041",
        "name": "Wokingham",
        "permalink": "/prototypes/geography/england/south-east/wokingham/",
        "type": "Unitary Authority",
        "areaCode": "E06"
      }
    ]
  },
  {
    "id": "E12000002",
    "areaCode": "E12",
    "name": "North West",
    "slug": "north-west",
    "permalink": "/prototypes/geography/england/north-west/",
    "parent": {
      "id": "E92000001",
      "areaCode": "E92",
      "name": "England",
      "slug": "england",
      "permalink": "/prototypes/geography/england/",
      "breadcrumbs": [
        { "href": "/prototypes/geography/", "title": "Home" },
        { "title": "England", "href": "/prototypes/geography/england/" }
      ],
      "type": "Country"
    },
    "breadcrumbs": [
      { "href": "/prototypes/geography/", "title": "Home" },
      { "title": "England", "href": "/prototypes/geography/england/" },
      {
        "title": "North West",
        "href": "/prototypes/geography/england/north-west/"
      }
    ],
    "type": "Region",
    "children": [
      {
        "id": "E06000008",
        "name": "Blackburn with Darwen",
        "permalink": "/prototypes/geography/england/north-west/blackburn-with-darwen/",
        "type": "Unitary Authority",
        "areaCode": "E06"
      },
      {
        "id": "E06000009",
        "name": "Blackpool",
        "permalink": "/prototypes/geography/england/north-west/blackpool/",
        "type": "Unitary Authority",
        "areaCode": "E06"
      },
      {
        "id": "E08000001",
        "name": "Bolton",
        "permalink": "/prototypes/geography/england/north-west/bolton/",
        "type": "Metropolitan District",
        "areaCode": "E08"
      },
      {
        "id": "E08000002",
        "name": "Bury",
        "permalink": "/prototypes/geography/england/north-west/bury/",
        "type": "Metropolitan District",
        "areaCode": "E08"
      },
      {
        "id": "E06000049",
        "name": "Cheshire East",
        "permalink": "/prototypes/geography/england/north-west/cheshire-east/",
        "type": "Unitary Authority",
        "areaCode": "E06"
      },
      {
        "id": "E06000050",
        "name": "Cheshire West and Chester",
        "permalink": "/prototypes/geography/england/north-west/cheshire-west-and-chester/",
        "type": "Unitary Authority",
        "areaCode": "E06"
      },
      {
        "id": "E10000006",
        "name": "Cumbria",
        "permalink": "/prototypes/geography/england/north-west/cumbria/",
        "type": "County",
        "areaCode": "E10"
      },
      {
        "id": "E06000006",
        "name": "Halton",
        "permalink": "/prototypes/geography/england/north-west/halton/",
        "type": "Unitary Authority",
        "areaCode": "E06"
      },
      {
        "id": "E08000011",
        "name": "Knowsley",
        "permalink": "/prototypes/geography/england/north-west/knowsley/",
        "type": "Metropolitan District",
        "areaCode": "E08"
      },
      {
        "id": "E10000017",
        "name": "Lancashire",
        "permalink": "/prototypes/geography/england/north-west/lancashire/",
        "type": "County",
        "areaCode": "E10"
      },
      {
        "id": "E08000012",
        "name": "Liverpool",
        "permalink": "/prototypes/geography/england/north-west/liverpool/",
        "type": "Metropolitan District",
        "areaCode": "E08"
      },
      {
        "id": "E08000003",
        "name": "Manchester",
        "permalink": "/prototypes/geography/england/north-west/manchester/",
        "type": "Metropolitan District",
        "areaCode": "E08"
      },
      {
        "id": "E08000004",
        "name": "Oldham",
        "permalink": "/prototypes/geography/england/north-west/oldham/",
        "type": "Metropolitan District",
        "areaCode": "E08"
      },
      {
        "id": "E08000005",
        "name": "Rochdale",
        "permalink": "/prototypes/geography/england/north-west/rochdale/",
        "type": "Metropolitan District",
        "areaCode": "E08"
      },
      {
        "id": "E08000006",
        "name": "Salford",
        "permalink": "/prototypes/geography/england/north-west/salford/",
        "type": "Metropolitan District",
        "areaCode": "E08"
      },
      {
        "id": "E08000014",
        "name": "Sefton",
        "permalink": "/prototypes/geography/england/north-west/sefton/",
        "type": "Metropolitan District",
        "areaCode": "E08"
      },
      {
        "id": "E08000013",
        "name": "St. Helens",
        "permalink": "/prototypes/geography/england/north-west/st-helens/",
        "type": "Metropolitan District",
        "areaCode": "E08"
      },
      {
        "id": "E08000007",
        "name": "Stockport",
        "permalink": "/prototypes/geography/england/north-west/stockport/",
        "type": "Metropolitan District",
        "areaCode": "E08"
      },
      {
        "id": "E08000008",
        "name": "Tameside",
        "permalink": "/prototypes/geography/england/north-west/tameside/",
        "type": "Metropolitan District",
        "areaCode": "E08"
      },
      {
        "id": "E08000009",
        "name": "Trafford",
        "permalink": "/prototypes/geography/england/north-west/trafford/",
        "type": "Metropolitan District",
        "areaCode": "E08"
      },
      {
        "id": "E06000007",
        "name": "Warrington",
        "permalink": "/prototypes/geography/england/north-west/warrington/",
        "type": "Unitary Authority",
        "areaCode": "E06"
      },
      {
        "id": "E08000010",
        "name": "Wigan",
        "permalink": "/prototypes/geography/england/north-west/wigan/",
        "type": "Metropolitan District",
        "areaCode": "E08"
      },
      {
        "id": "E08000015",
        "name": "Wirral",
        "permalink": "/prototypes/geography/england/north-west/wirral/",
        "type": "Metropolitan District",
        "areaCode": "E08"
      }
    ]
  },
  {
    "id": "E12000003",
    "areaCode": "E12",
    "name": "Yorkshire and The Humber",
    "slug": "yorkshire-and-the-humber",
    "permalink": "/prototypes/geography/england/yorkshire-and-the-humber/",
    "parent": {
      "id": "E92000001",
      "areaCode": "E92",
      "name": "England",
      "slug": "england",
      "permalink": "/prototypes/geography/england/",
      "breadcrumbs": [
        { "href": "/prototypes/geography/", "title": "Home" },
        { "title": "England", "href": "/prototypes/geography/england/" }
      ],
      "type": "Country"
    },
    "breadcrumbs": [
      { "href": "/prototypes/geography/", "title": "Home" },
      { "title": "England", "href": "/prototypes/geography/england/" },
      {
        "title": "Yorkshire and The Humber",
        "href": "/prototypes/geography/england/yorkshire-and-the-humber/"
      }
    ],
    "type": "Region",
    "children": [
      {
        "id": "E08000016",
        "name": "Barnsley",
        "permalink": "/prototypes/geography/england/yorkshire-and-the-humber/barnsley/",
        "type": "Metropolitan District",
        "areaCode": "E08"
      },
      {
        "id": "E08000032",
        "name": "Bradford",
        "permalink": "/prototypes/geography/england/yorkshire-and-the-humber/bradford/",
        "type": "Metropolitan District",
        "areaCode": "E08"
      },
      {
        "id": "E08000033",
        "name": "Calderdale",
        "permalink": "/prototypes/geography/england/yorkshire-and-the-humber/calderdale/",
        "type": "Metropolitan District",
        "areaCode": "E08"
      },
      {
        "id": "E08000017",
        "name": "Doncaster",
        "permalink": "/prototypes/geography/england/yorkshire-and-the-humber/doncaster/",
        "type": "Metropolitan District",
        "areaCode": "E08"
      },
      {
        "id": "E06000011",
        "name": "East Riding of Yorkshire",
        "permalink": "/prototypes/geography/england/yorkshire-and-the-humber/east-riding-of-yorkshire/",
        "type": "Unitary Authority",
        "areaCode": "E06"
      },
      {
        "id": "E06000010",
        "name": "Kingston upon Hull, City of",
        "permalink": "/prototypes/geography/england/yorkshire-and-the-humber/kingston-upon-hull-city-of/",
        "type": "Unitary Authority",
        "areaCode": "E06"
      },
      {
        "id": "E08000034",
        "name": "Kirklees",
        "permalink": "/prototypes/geography/england/yorkshire-and-the-humber/kirklees/",
        "type": "Metropolitan District",
        "areaCode": "E08"
      },
      {
        "id": "E08000035",
        "name": "Leeds",
        "permalink": "/prototypes/geography/england/yorkshire-and-the-humber/leeds/",
        "type": "Metropolitan District",
        "areaCode": "E08"
      },
      {
        "id": "E06000012",
        "name": "North East Lincolnshire",
        "permalink": "/prototypes/geography/england/yorkshire-and-the-humber/north-east-lincolnshire/",
        "type": "Unitary Authority",
        "areaCode": "E06"
      },
      {
        "id": "E06000013",
        "name": "North Lincolnshire",
        "permalink": "/prototypes/geography/england/yorkshire-and-the-humber/north-lincolnshire/",
        "type": "Unitary Authority",
        "areaCode": "E06"
      },
      {
        "id": "E10000023",
        "name": "North Yorkshire",
        "permalink": "/prototypes/geography/england/yorkshire-and-the-humber/north-yorkshire/",
        "type": "County",
        "areaCode": "E10"
      },
      {
        "id": "E08000018",
        "name": "Rotherham",
        "permalink": "/prototypes/geography/england/yorkshire-and-the-humber/rotherham/",
        "type": "Metropolitan District",
        "areaCode": "E08"
      },
      {
        "id": "E08000019",
        "name": "Sheffield",
        "permalink": "/prototypes/geography/england/yorkshire-and-the-humber/sheffield/",
        "type": "Metropolitan District",
        "areaCode": "E08"
      },
      {
        "id": "E08000036",
        "name": "Wakefield",
        "permalink": "/prototypes/geography/england/yorkshire-and-the-humber/wakefield/",
        "type": "Metropolitan District",
        "areaCode": "E08"
      },
      {
        "id": "E06000014",
        "name": "York",
        "permalink": "/prototypes/geography/england/yorkshire-and-the-humber/york/",
        "type": "Unitary Authority",
        "areaCode": "E06"
      }
    ]
  },
  {
    "id": "E12000001",
    "areaCode": "E12",
    "name": "North East",
    "slug": "north-east",
    "permalink": "/prototypes/geography/england/north-east/",
    "parent": {
      "id": "E92000001",
      "areaCode": "E92",
      "name": "England",
      "slug": "england",
      "permalink": "/prototypes/geography/england/",
      "breadcrumbs": [
        { "href": "/prototypes/geography/", "title": "Home" },
        { "title": "England", "href": "/prototypes/geography/england/" }
      ],
      "type": "Country"
    },
    "breadcrumbs": [
      { "href": "/prototypes/geography/", "title": "Home" },
      { "title": "England", "href": "/prototypes/geography/england/" },
      {
        "title": "North East",
        "href": "/prototypes/geography/england/north-east/"
      }
    ],
    "type": "Region",
    "children": [
      {
        "id": "E06000047",
        "name": "County Durham",
        "permalink": "/prototypes/geography/england/north-east/county-durham/",
        "type": "Unitary Authority",
        "areaCode": "E06"
      },
      {
        "id": "E06000005",
        "name": "Darlington",
        "permalink": "/prototypes/geography/england/north-east/darlington/",
        "type": "Unitary Authority",
        "areaCode": "E06"
      },
      {
        "id": "E08000037",
        "name": "Gateshead",
        "permalink": "/prototypes/geography/england/north-east/gateshead/",
        "type": "Metropolitan District",
        "areaCode": "E08"
      },
      {
        "id": "E06000001",
        "name": "Hartlepool",
        "permalink": "/prototypes/geography/england/north-east/hartlepool/",
        "type": "Unitary Authority",
        "areaCode": "E06"
      },
      {
        "id": "E06000002",
        "name": "Middlesbrough",
        "permalink": "/prototypes/geography/england/north-east/middlesbrough/",
        "type": "Unitary Authority",
        "areaCode": "E06"
      },
      {
        "id": "E08000021",
        "name": "Newcastle upon Tyne",
        "permalink": "/prototypes/geography/england/north-east/newcastle-upon-tyne/",
        "type": "Metropolitan District",
        "areaCode": "E08"
      },
      {
        "id": "E08000022",
        "name": "North Tyneside",
        "permalink": "/prototypes/geography/england/north-east/north-tyneside/",
        "type": "Metropolitan District",
        "areaCode": "E08"
      },
      {
        "id": "E06000057",
        "name": "Northumberland",
        "permalink": "/prototypes/geography/england/north-east/northumberland/",
        "type": "Unitary Authority",
        "areaCode": "E06"
      },
      {
        "id": "E06000003",
        "name": "Redcar and Cleveland",
        "permalink": "/prototypes/geography/england/north-east/redcar-and-cleveland/",
        "type": "Unitary Authority",
        "areaCode": "E06"
      },
      {
        "id": "E08000023",
        "name": "South Tyneside",
        "permalink": "/prototypes/geography/england/north-east/south-tyneside/",
        "type": "Metropolitan District",
        "areaCode": "E08"
      },
      {
        "id": "E06000004",
        "name": "Stockton-on-Tees",
        "permalink": "/prototypes/geography/england/north-east/stockton-on-tees/",
        "type": "Unitary Authority",
        "areaCode": "E06"
      },
      {
        "id": "E08000024",
        "name": "Sunderland",
        "permalink": "/prototypes/geography/england/north-east/sunderland/",
        "type": "Metropolitan District",
        "areaCode": "E08"
      }
    ]
  },
  {
    "id": "E12000004",
    "areaCode": "E12",
    "name": "East Midlands",
    "slug": "east-midlands",
    "permalink": "/prototypes/geography/england/east-midlands/",
    "parent": {
      "id": "E92000001",
      "areaCode": "E92",
      "name": "England",
      "slug": "england",
      "permalink": "/prototypes/geography/england/",
      "breadcrumbs": [
        { "href": "/prototypes/geography/", "title": "Home" },
        { "title": "England", "href": "/prototypes/geography/england/" }
      ],
      "type": "Country"
    },
    "breadcrumbs": [
      { "href": "/prototypes/geography/", "title": "Home" },
      { "title": "England", "href": "/prototypes/geography/england/" },
      {
        "title": "East Midlands",
        "href": "/prototypes/geography/england/east-midlands/"
      }
    ],
    "type": "Region",
    "children": [
      {
        "id": "E06000015",
        "name": "Derby",
        "permalink": "/prototypes/geography/england/east-midlands/derby/",
        "type": "Unitary Authority",
        "areaCode": "E06"
      },
      {
        "id": "E10000007",
        "name": "Derbyshire",
        "permalink": "/prototypes/geography/england/east-midlands/derbyshire/",
        "type": "County",
        "areaCode": "E10"
      },
      {
        "id": "E06000016",
        "name": "Leicester",
        "permalink": "/prototypes/geography/england/east-midlands/leicester/",
        "type": "Unitary Authority",
        "areaCode": "E06"
      },
      {
        "id": "E10000018",
        "name": "Leicestershire",
        "permalink": "/prototypes/geography/england/east-midlands/leicestershire/",
        "type": "County",
        "areaCode": "E10"
      },
      {
        "id": "E10000019",
        "name": "Lincolnshire",
        "permalink": "/prototypes/geography/england/east-midlands/lincolnshire/",
        "type": "County",
        "areaCode": "E10"
      },
      {
        "id": "E10000021",
        "name": "Northamptonshire",
        "permalink": "/prototypes/geography/england/east-midlands/northamptonshire/",
        "type": "County",
        "areaCode": "E10"
      },
      {
        "id": "E06000018",
        "name": "Nottingham",
        "permalink": "/prototypes/geography/england/east-midlands/nottingham/",
        "type": "Unitary Authority",
        "areaCode": "E06"
      },
      {
        "id": "E10000024",
        "name": "Nottinghamshire",
        "permalink": "/prototypes/geography/england/east-midlands/nottinghamshire/",
        "type": "County",
        "areaCode": "E10"
      },
      {
        "id": "E06000017",
        "name": "Rutland",
        "permalink": "/prototypes/geography/england/east-midlands/rutland/",
        "type": "Unitary Authority",
        "areaCode": "E06"
      }
    ]
  }
]
